Egid	Process
3118	immunosuppression
6655	immunosuppression
3115	immunosuppression
5295	immunosuppression
2923	immunosuppression
972	immunosuppression
5290	immunosuppression
6891	immunosuppression
3122	immunosuppression
3932	immunosuppression
5530	immunosuppression
3113	immunosuppression
3108	immunosuppression
3812	immunosuppression
3804	immunosuppression
3109	immunosuppression
3823	immunosuppression
5721	immunosuppression
3111	immunosuppression
4893	immunosuppression
5335	immunosuppression
920	immunosuppression
3821	immunosuppression
3458	immunosuppression
3824	immunosuppression
3805	immunosuppression
3304	immunosuppression
2534	immunosuppression
3134	immunosuppression
926	immunosuppression
925	immunosuppression
3827	coagulation
623	coagulation
624	coagulation
2160	coagulation
2152	coagulation
2155	coagulation
2159	coagulation
2153	coagulation
2243	coagulation
2266	coagulation
2162	coagulation
2165	coagulation
5624	coagulation
5627	coagulation
5340	coagulation
7035	coagulation
5054	coagulation
462	coagulation
2149	coagulation
715	coagulation
718	coagulation
5648	coagulation
10747	coagulation
730	coagulation
733	coagulation
725	coagulation
1604	coagulation
966	coagulation
719	coagulation
728	coagulation
1378	coagulation
1380	coagulation
9002	coagulation
23365	coagulation
6093	coagulation
5500	coagulation
5501	coagulation
4659	coagulation
10627	coagulation
84876	coagulation
3710	coagulation
4638	coagulation
2776	coagulation
5331	coagulation
5332	coagulation
5590	coagulation
10125	coagulation
10235	coagulation
54518	coagulation
7094	coagulation
3690	coagulation
83706	coagulation
64805	coagulation
2770	coagulation
2773	coagulation
107	coagulation
108	coagulation
111	coagulation
112	coagulation
114	coagulation
115	coagulation
5739	coagulation
2778	coagulation
5290	coagulation
5293	coagulation
5295	coagulation
23533	coagulation
5566	coagulation
5567	coagulation
5613	coagulation
7408	coagulation
2212	coagulation
1277	coagulation
1278	coagulation
1280	coagulation
1289	coagulation
1290	coagulation
1302	coagulation
85301	coagulation
51206	coagulation
4067	coagulation
2534	coagulation
3937	coagulation
695	coagulation
2815	coagulation
207	coagulation
2982	coagulation
5594	coagulation
5595	coagulation
5321	coagulation
5742	coagulation
8773	coagulation
8673	coagulation
71	inflammation
108	inflammation
109	inflammation
115	inflammation
157	inflammation
207	inflammation
208	inflammation
324	inflammation
399	inflammation
408	inflammation
623	inflammation
673	inflammation
841	inflammation
929	inflammation
958	inflammation
1003	inflammation
1129	inflammation
1131	inflammation
1133	inflammation
1234	inflammation
1364	inflammation
1496	inflammation
1513	inflammation
1730	inflammation
1793	inflammation
1794	inflammation
1950	inflammation
2246	inflammation
2248	inflammation
2253	inflammation
2254	inflammation
2257	inflammation
2260	inflammation
2261	inflammation
2264	inflammation
2335	inflammation
2771	inflammation
2788	inflammation
2791	inflammation
2792	inflammation
2793	inflammation
2826	inflammation
2869	inflammation
2870	inflammation
2920	inflammation
2931	inflammation
3383	inflammation
3441	inflammation
3443	inflammation
3444	inflammation
3446	inflammation
3447	inflammation
3451	inflammation
3454	inflammation
3551	inflammation
3593	inflammation
3627	inflammation
3645	inflammation
3654	inflammation
3661	inflammation
3665	inflammation
3673	inflammation
3675	inflammation
3680	inflammation
3683	inflammation
3690	inflammation
3696	inflammation
3702	inflammation
3845	inflammation
3929	inflammation
3984	inflammation
4301	inflammation
4342	inflammation
4636	inflammation
4659	inflammation
4660	inflammation
4793	inflammation
4893	inflammation
5058	inflammation
5062	inflammation
5154	inflammation
5155	inflammation
5197	inflammation
5290	inflammation
5295	inflammation
5305	inflammation
5330	inflammation
5335	inflammation
5473	inflammation
5566	inflammation
5568	inflammation
5606	inflammation
5609	inflammation
5613	inflammation
5962	inflammation
6011	inflammation
6093	inflammation
6347	inflammation
6348	inflammation
6355	inflammation
6360	inflammation
6366	inflammation
6369	inflammation
6373	inflammation
6375	inflammation
6464	inflammation
6655	inflammation
6714	inflammation
6772	inflammation
6773	inflammation
6777	inflammation
7070	inflammation
7097	inflammation
7098	inflammation
7099	inflammation
7124	inflammation
7187	inflammation
7294	inflammation
7410	inflammation
8396	inflammation
8503	inflammation
8516	inflammation
8823	inflammation
8874	inflammation
8936	inflammation
9071	inflammation
9074	inflammation
9075	inflammation
9087	inflammation
9459	inflammation
9641	inflammation
9844	inflammation
9965	inflammation
10092	inflammation
10298	inflammation
10398	inflammation
10563	inflammation
10787	inflammation
10803	inflammation
10850	inflammation
11069	inflammation
22800	inflammation
22801	inflammation
23396	inflammation
25759	inflammation
26281	inflammation
26999	inflammation
49861	inflammation
50848	inflammation
51208	inflammation
51284	inflammation
53842	inflammation
54106	inflammation
54961	inflammation
55970	inflammation
91807	inflammation
148022	inflammation
196883	inflammation
200576	inflammation
340156	inflammation
345456	inflammation
399694	inflammation
653361	inflammation
100132463	inflammation
